

-- BNET ACCOUNT INSERTS
DBCC CHECKIDENT (BNET_ACCOUNT,RESEED,1)
INSERT INTO BNET_ACCOUNT VALUES ('account1','account1@email.com','Smith','John','qazwsx','2012-12-11 23:10:20','us-3456-3456-3456',48596548,4,NULL,'1234 First Street','Milford','MI',48381,2488488484,NULL,'account1@email.com',NULL);
INSERT INTO BNET_ACCOUNT VALUES ('account2','account2@email.com','Doe','John','1qaz2wsx','2012-12-11 23:10:20','us-6549-1234-9876',45489754,3,NULL,'3212 Second Street','Commerce','MI',48381,2482145895,NULL,'account2@email.com',NULL);
INSERT INTO BNET_ACCOUNT VALUES ('account3','account3@email.com','Johnson','Jack','1q2aw3zse4','2012-12-11 23:10:20','us-3576-3454-3487',54122544,2,NULL,'5487 Third Street','Highland','MI',48357,2483212654,2486512324,'account3@email.com',NULL);
INSERT INTO BNET_ACCOUNT VALUES ('account4','account4@email.com','Scott','Ryan','1q2aw3','2012-12-11 23:10:20','us-6556-3879-3214',32125456,1,123445678912345,'1234 Fourth Street','Hartland','MI',48382,2488756124,NULL,'account4@email.com',NULL);
INSERT INTO BNET_ACCOUNT VALUES ('account5','account5@email.com','James','Austin','1q2w3e','2012-12-11 23:10:20','us-3785-3344-3896',87562154,0,NULL,'1234 Fifth Street','Milford','MI',48381,2485456892,NULL,'account5@email.com',NULL);
INSERT INTO BNET_ACCOUNT VALUES ('account6','account6@email.com','Jennet','Austin','1z2x3c','2012-12-11 23:10:20','us-8756-3826-7556',98561223,4,NULL,'1234 Sixth Street','Highland','MI',48356,2483164975,2489765132,'account6@email.com',NULL);
INSERT INTO BNET_ACCOUNT VALUES ('account7','account7@email.com','Marion','Jim','qawsedrf','2012-12-11 23:10:20','us-8445-1246-8646',23215654,3,NULL,'1234 Seventh Street','Wixom','MI',48384,248463194,NULL,'account7@email.com',NULL);
INSERT INTO BNET_ACCOUNT VALUES ('account8','account8@email.com','Friend','Sara','1p2o3i4u5y6','2012-12-11 23:10:20','us-7895-3854-5452',54545689,2,NULL,'1234 Eighth Street','Waterford','MI',48356,2485479321,2485654981,'account8@email.com',NULL);
INSERT INTO BNET_ACCOUNT VALUES ('account9','account9@email.com','Heck','Eddy','zmalqp10','2012-12-11 23:10:20','us-8756-8975-8451',32125654,1,54315648754,'1234 Nineth Street','Wixom','MI',48384,2485431657,NULL,'account9@email.com',NULL);
INSERT INTO BNET_ACCOUNT VALUES ('account10','account10@email.com','Haldan','Ian','56tyghbn','2012-12-11 23:10:20','us-3254-8912-5456',87855421,0,NULL,'1234 Tenth Street','Milford','MI',48381,2483132125,NULL,'account10@email.com',NULL);

-- GAMEOBJECT INSERTS
-- SOUNDS ON 1-5
-- QUEST LOOT 1,3,5,7,9
DBCC CHECKIDENT (GAMEOBJECT,RESEED,1)
INSERT INTO GAMEOBJECT VALUES (3,456487,'Wooden Chest',NULL,1);
INSERT INTO GAMEOBJECT VALUES (2,484875,'Door Bell',NULL,1);
INSERT INTO GAMEOBJECT VALUES (3,984554,'Gold Chest',NULL,1);
INSERT INTO GAMEOBJECT VALUES (5,321545,'House',NULL,1);
INSERT INTO GAMEOBJECT VALUES (3,852132,'Magic Chest',NULL,1);
INSERT INTO GAMEOBJECT VALUES (5,652421,'Store',NULL,1);
INSERT INTO GAMEOBJECT VALUES (17,875154,'Carp',NULL,1);
INSERT INTO GAMEOBJECT VALUES (5,848457,'Forge',NULL,1);
INSERT INTO GAMEOBJECT VALUES (19,985654,'Mailbox',NULL,1);
INSERT INTO GAMEOBJECT VALUES (5,543212,'Tree_1',NULL,1);
INSERT INTO GAMEOBJECT VALUES (5,545645,'Fence',NULL,1);
INSERT INTO GAMEOBJECT VALUES (5,894623,'Rock_1',NULL,1);
INSERT INTO GAMEOBJECT VALUES (5,974613,'Rock_2',NULL,1);
INSERT INTO GAMEOBJECT VALUES (5,455689,'Tree_2',NULL,1);
INSERT INTO GAMEOBJECT VALUES (5,785412,'Flag_1',NULL,1);

-- QUEST INSERTS
-- 1-5 START/END ON GAMEOBJECT
-- 6-10 START/END ON CREATURE
-- 11,12,13,4,5 GATHER
-- 4-8 KILL
-- 1-10 REWARD
DBCC CHECKIDENT (QUEST,RESEED,1)
INSERT INTO QUEST VALUES (2,2,21,4,1,5,1,-1,-1,NULL,NULL,NULL,NULL,NULL,NULL,'Details','Title','Objective','Complete','Incomplete','End','Obj1','Obj2','Obj3','Obj4',NULL,NULL,NULL,1254.2112,7854.3265,5412.3265,0,1);
INSERT INTO QUEST VALUES (2,3,61,4,1,5,1,9,-1,NULL,NULL,NULL,NULL,NULL,NULL,'Details','Title','Objective','Complete','Incomplete','End','Obj1','Obj2','Obj3','Obj4',NULL,NULL,NULL,1265.3265,7946.3146,4631.3265,0,1);
INSERT INTO QUEST VALUES (3,4,81,4,1,5,1,1,-1,NULL,NULL,NULL,NULL,NULL,NULL,'Details','Title','Objective','Complete','Incomplete','End','Obj1','Obj2','Obj3','Obj4',NULL,NULL,NULL,5412.3256,8754.3256,5412.3256,0,1);
INSERT INTO QUEST VALUES (4,5,82,3,1,5,2,7,-1,NULL,NULL,NULL,NULL,NULL,NULL,'Details','Title','Objective','Complete','Incomplete','End','Obj1','Obj2','Obj3','Obj4',NULL,NULL,NULL,2187.6554,8459.5162,9854.3256,0,1);
INSERT INTO QUEST VALUES (5,6,141,3,1,5,2,2,-1,NULL,NULL,NULL,NULL,NULL,NULL,'Details','Title','Objective','Complete','Incomplete','End','Obj1','Obj2','Obj3','Obj4',NULL,NULL,NULL,6554.3221,9764.3164,8451.2395,0,1);
INSERT INTO QUEST VALUES (6,NULL,161,2,10,15,-1,8,-1,NULL,NULL,NULL,NULL,NULL,NULL,'Details','Title','Objective','Complete','Incomplete','End','Obj1','Obj2','Obj3','Obj4',NULL,NULL,NULL,9854.5644,5753.6167,6746.1632,0,1);
INSERT INTO QUEST VALUES (7,NULL,162,2,10,15,-1,4,-1,NULL,NULL,NULL,NULL,NULL,NULL,'Details','Title','Objective','Complete','Incomplete','End','Obj1','Obj2','Obj3','Obj4',NULL,NULL,NULL,5432.2154,9749.6716,1634.6794,0,1);
INSERT INTO QUEST VALUES (8,NULL,182,2,10,15,-1,-1,165,1,NULL,NULL,NULL,NULL,NULL,'Details','Title','Objective','Complete','Incomplete','End','Obj1','Obj2','Obj3','Obj4',NULL,NULL,NULL,5641.3125,8932.2187,8419.6219,0,1);
INSERT INTO QUEST VALUES (9,NULL,182,4,10,15,-1,-1,165,100,NULL,NULL,NULL,NULL,NULL,'Details','Title','Objective','Complete','Incomplete','End','Obj1','Obj2','Obj3','Obj4',NULL,NULL,NULL,8975.3215,8754.2154,8932.2365,0,1);
INSERT INTO QUEST VALUES (2,NULL,201,4,10,15,-1,-1,202,1,NULL,NULL,NULL,NULL,NULL,'Details','Title','Objective','Complete','Incomplete','End','Obj1','Obj2','Obj3','Obj4',NULL,NULL,NULL,4613.8293,8754.2154,5654.1232,0,1);
INSERT INTO QUEST VALUES (2,NULL,221,4100,10,15,-1,NULL,NULL,NULL,NULL,NULL,NULL,NULL,NULL,'Details','Title','Objective','Complete','Incomplete','End','Obj1','Obj2','Obj3','Obj4',NULL,NULL,NULL,7148.9382,8462.6284,5195.6284,1,1);
INSERT INTO QUEST VALUES (3,NULL,261,4097,20,25,3,-1,NULL,NULL,NULL,NULL,NULL,NULL,NULL,'Details','Title','Objective','Complete','Incomplete','End','Obj1','Obj2','Obj3','Obj4',NULL,NULL,NULL,9184.6219,7854.3265,1346.9764,1,1);
INSERT INTO QUEST VALUES (4,NULL,262,4,20,25,5,-1,NULL,NULL,NULL,NULL,NULL,NULL,NULL,'Details','Title','Objective','Complete','Incomplete','End','Obj1','Obj2','Obj3','Obj4',NULL,NULL,NULL,7386.4286,8754.3146,5412.9865,0,1);
INSERT INTO QUEST VALUES (5,NULL,263,4,20,25,11,-1,-1,NULL,NULL,NULL,NULL,NULL,NULL,'Details','Title','Objective','Complete','Incomplete','End','Obj1','Obj2','Obj3','Obj4',NULL,NULL,NULL,9137.8426,9754.3165,5432.1265,0,1);
INSERT INTO QUEST VALUES (6,NULL,264,4,20,25,-1,-1,197,1,NULL,NULL,NULL,NULL,NULL,'Details','Title','Objective','Complete','Incomplete','End','Obj1','Obj2','Obj3','Obj4',NULL,NULL,NULL,9551.3578,9731.1289,8426.4682,0,1);
INSERT INTO QUEST VALUES (7,NULL,101,4,20,25,-1,-1,356,100,NULL,NULL,NULL,NULL,NULL,'Details','Title','Objective','Complete','Incomplete','End','Obj1','Obj2','Obj3','Obj4',NULL,NULL,NULL,5485.6521,8426.6284,8642.2486,0,1);
INSERT INTO QUEST VALUES (8,NULL,101,4,20,25,-1,-1,356,225,NULL,NULL,NULL,NULL,NULL,'Details','Title','Objective','Complete','Incomplete','End','Obj1','Obj2','Obj3','Obj4',NULL,NULL,NULL,5462.3125,7946.3146,4613.9764,0,1);
INSERT INTO QUEST VALUES (9,NULL,372,4,20,25,6,-1,-1,NULL,NULL,NULL,NULL,NULL,NULL,'Details','Title','Objective','Complete','Incomplete','End','Obj1','Obj2','Obj3','Obj4',NULL,NULL,NULL,4565.2687,8754.3265,5412.9865,0,1);
INSERT INTO QUEST VALUES (2,NULL,371,4,20,25,-1,-1,1035,100,NULL,NULL,NULL,NULL,NULL,'Details','Title','Objective','Complete','Incomplete','End','Obj1','Obj2','Obj3','Obj4','Hello','00:10:00',1,1354.5465,1256.3254,3254.9856,0,1);
INSERT INTO QUEST VALUES (2,NULL,373,4,20,25,-1,-1,755,1,NULL,NULL,'00:10:00',NULL,NULL,'Details','Title','Objective','Complete','Incomplete','End','Obj1','Obj2','Obj3','Obj4','Hello','00:05:00',1,1225.3264,2154.2154,3212.1254,0,1);

-- ITEMS INSERTS
-- 1-10 EQUIP
DBCC CHECKIDENT (ITEMS,RESEED,1)
INSERT INTO ITEMS VALUES ('Stick of Truth',2,1,32456,4,0,200000,235645,-1,-1,100,10,-1,NULL,0,1,'Keeps Humans and elves in a never ending war',NULL,'');
INSERT INTO ITEMS VALUES ('Sword of Awesome',2,1,12654,4,0,995250,998978,-1,-1,200,26,-1,NULL,0,3,'',NULL,'');
INSERT INTO ITEMS VALUES ('Sword of a Thousand Truths',2,1,32215,4,0,521365,565421,-1,-1,150,15,-1,NULL,0,2,'It was foretold, that one day, heroes who could wield the sword might reveal themselves to kill that which has no life. Not for newbs.',NULL,'');
INSERT INTO ITEMS VALUES ('Staff',2,1,87546,3,0,542452,561254,-1,-1,100,10,-1,NULL,0,3,'Generic Description',NULL,'');
INSERT INTO ITEMS VALUES ('Mace',2,1,87985,3,0,54245,579854,-1,-1,250,30,-1,NULL,0,2,'',NULL,'');
INSERT INTO ITEMS VALUES ('Helmet',2,2,91152,3,0,5421,12542,-1,-1,300,40,-1,NULL,0,1,'',NULL,'');
INSERT INTO ITEMS VALUES ('Shield',2,2,57421,2,0,549856,755421,-1,-1,301,40,-1,NULL,0,2,'',NULL,'');
INSERT INTO ITEMS VALUES ('Chest',2,2,42154,2,0,462597,541254,-1,-1,354,43,-1,NULL,0,1,'',NULL,'');
INSERT INTO ITEMS VALUES ('Shoulder',2,2,12546,2,0,751128,875421,-1,-1,401,38,-1,NULL,0,2,'',NULL,'');
INSERT INTO ITEMS VALUES ('Legs',2,2,98546,1,0,457896,651254,-1,-1,509,90,-1,NULL,0,3,'',NULL,'');
INSERT INTO ITEMS VALUES ('Item1',6,4,32126,2,0,457891,563287,-1,-1,256,34,-1,NULL,0,1,'',NULL,'');
INSERT INTO ITEMS VALUES ('Item2',6,4,46135,1,0,215465,325456,-1,-1,356,85,-1,NULL,0,2,'',NULL,'');
INSERT INTO ITEMS VALUES ('Item3',6,4,97463,3,0,458796,845421,-1,-1,385,85,-1,NULL,0,0,'',NULL,'');
INSERT INTO ITEMS VALUES ('Item4',6,4,79854,2,0,213254,563212,-1,-1,485,85,-1,NULL,0,1,'',NULL,'');
INSERT INTO ITEMS VALUES ('Item5',6,4,54652,4,0,541255,879856,-1,-1,425,85,-1,NULL,0,2,'',NULL,'');
INSERT INTO ITEMS VALUES ('Quest Item',6,4,31645,1,0,485644,875465,-1,-1,415,85,-1,NULL,0,4,'Quest Item',4,'');
INSERT INTO ITEMS VALUES ('Gather Item',6,4,31465,1,0,875421,926554,-1,-1,150,20,-1,NULL,0,4,'Gather Items',5,'');
INSERT INTO ITEMS VALUES ('Red Gem',3,0,54562,3,0,643212,875412,-1,-1,10,1,-1,NULL,0,0,'',NULL,'');
INSERT INTO ITEMS VALUES ('Item6',6,4,87451,2,0,875412,986534,-1,-1,20,1,-1,NULL,0,3,'',NULL,'');
INSERT INTO ITEMS VALUES ('Item7',6,4,91621,3,0,548712,563212,-1,-1,1,1,-1,NULL,0,2,'',NULL,'');


-- WORLDMAP_INFO INSERTS
DBCC CHECKIDENT (WORLDMAP_INFO,RESEED,1)
INSERT INTO WORLDMAP_INFO VALUES (NULL,1,'Barrans',0,0,1,NULL,1,NULL,NULL,NULL,10);
INSERT INTO WORLDMAP_INFO VALUES (NULL,2,'Forest',0,0,1,NULL,1,NULL,NULL,NULL,10);
INSERT INTO WORLDMAP_INFO VALUES (NULL,3,'Tundra',0,0,1,NULL,9,NULL,NULL,NULL,10);
INSERT INTO WORLDMAP_INFO VALUES (2,4,'Wailing Caverns',2,5,15,NULL,3,'00:30:00',NULL,NULL,30);
INSERT INTO WORLDMAP_INFO VALUES (NULL,5,'Desert',0,0,1,NULL,1,NULL,NULL,NULL,10);
INSERT INTO WORLDMAP_INFO VALUES (NULL,6,'Hillsbrad',0,0,1,NULL,1,NULL,NULL,NULL,10);
INSERT INTO WORLDMAP_INFO VALUES (NULL,7,'Plains',0,0,1,NULL,1,NULL,NULL,NULL,10);
INSERT INTO WORLDMAP_INFO VALUES (NULL,8,'Mountains',0,0,1,NULL,1,NULL,NULL,NULL,10);
INSERT INTO WORLDMAP_INFO VALUES (NULL,9,'Redwoods',0,0,1,NULL,17,NULL,NULL,NULL,10);
INSERT INTO WORLDMAP_INFO VALUES (NULL,10,'Borean',0,0,1,NULL,17,NULL,NULL,NULL,10);

-- WEATHER INSERTS
DBCC CHECKIDENT (WEATHER,RESEED,1)
INSERT INTO WEATHER VALUES (2,50,0,30,2,20,4);
INSERT INTO WEATHER VALUES (2,50,0,30,8,20,1);
INSERT INTO WEATHER VALUES (3,50,8,30,0,20,3);
INSERT INTO WEATHER VALUES (4,50,0,50,16,NULL,NULL);
INSERT INTO WEATHER VALUES (5,100,0,NULL,NULL,NULL,NULL);
INSERT INTO WEATHER VALUES (6,100,8,NULL,NULL,NULL,NULL);
INSERT INTO WEATHER VALUES (7,50,0,50,4,NULL,NULL);
INSERT INTO WEATHER VALUES (8,50,0,50,3,NULL,NULL);
INSERT INTO WEATHER VALUES (9,50,0,30,2,20,4);
INSERT INTO WEATHER VALUES (10,50,0,30,2,20,4);

-- CREATURE INSERTS
DBCC CHECKIDENT (CREATURE,RESEED,1)
INSERT INTO CREATURE (NPC_NAME,NPC_DISPLAYID,NPC_SUBNAME,NPC_TYPE,NPC_FAMILY,NPC_RANK,NPC_KILLCREDIT1,NPC_KILLCREDIT2,NPC_MINLEVEL,NPC_MAXLEVEL,NPC_FACTION,NPC_MINHP,NPC_MAXHP,NPC_POWER,NPC_SIZE,NPC_FLAG,NPC_ATTKTIME,NPC_ATTKTYPE,NPC_MINDMG,NPC_MAXDMG,NPC_CAN_RANGE,NPC_RATTKTIME,NPC_RATTKTYPE,NPC_RESPAWN,NPC_ARMOR,NPC_RESIST1,NPC_RESIST2,NPC_RESIST3,NPC_RESIST4,NPC_RESIST5,NPC_RESIST6,NPC_REACH,NPC_BOUND_RADIUS,NPC_AURAS,NPC_MONEY,NPC_INVIS,NPC_WALK_SPEED,NPC_RUN_SPEED,NPC_CANFLY,NPC_FLY_SPEED,NPC_IMMUNE,NPC_ISTRAINING,NPC_ROOTED) VALUES ('Mob1',85412,'Subname',1,1,0,NULL,NULL,1,5,14,100,200,100,1,1,2100,0,5,11,0,NULL,NULL,'00:05:00',0,0,0,0,0,0,0,5,0,0,5,0,6,12,0,NULL,0,0,0);
INSERT INTO CREATURE (NPC_NAME,NPC_DISPLAYID,NPC_SUBNAME,NPC_TYPE,NPC_FAMILY,NPC_RANK,NPC_KILLCREDIT1,NPC_KILLCREDIT2,NPC_MINLEVEL,NPC_MAXLEVEL,NPC_FACTION,NPC_MINHP,NPC_MAXHP,NPC_POWER,NPC_SIZE,NPC_FLAG,NPC_ATTKTIME,NPC_ATTKTYPE,NPC_MINDMG,NPC_MAXDMG,NPC_CAN_RANGE,NPC_RATTKTIME,NPC_RATTKTYPE,NPC_RESPAWN,NPC_ARMOR,NPC_RESIST1,NPC_RESIST2,NPC_RESIST3,NPC_RESIST4,NPC_RESIST5,NPC_RESIST6,NPC_REACH,NPC_BOUND_RADIUS,NPC_AURAS,NPC_MONEY,NPC_INVIS,NPC_WALK_SPEED,NPC_RUN_SPEED,NPC_CANFLY,NPC_FLY_SPEED,NPC_IMMUNE,NPC_ISTRAINING,NPC_ROOTED) VALUES ('Mob2',54125,'Subname',2,0,0,NULL,NULL,1,5,14,100,200,NULL,1,NULL,1200,1,5,11,0,NULL,NULL,'00:05:00',0,0,0,0,0,0,0,5,0,0,5,0,6,12,0,NULL,0,0,0);
INSERT INTO CREATURE (NPC_NAME,NPC_DISPLAYID,NPC_SUBNAME,NPC_TYPE,NPC_FAMILY,NPC_RANK,NPC_KILLCREDIT1,NPC_KILLCREDIT2,NPC_MINLEVEL,NPC_MAXLEVEL,NPC_FACTION,NPC_MINHP,NPC_MAXHP,NPC_POWER,NPC_SIZE,NPC_FLAG,NPC_ATTKTIME,NPC_ATTKTYPE,NPC_MINDMG,NPC_MAXDMG,NPC_CAN_RANGE,NPC_RATTKTIME,NPC_RATTKTYPE,NPC_RESPAWN,NPC_ARMOR,NPC_RESIST1,NPC_RESIST2,NPC_RESIST3,NPC_RESIST4,NPC_RESIST5,NPC_RESIST6,NPC_REACH,NPC_BOUND_RADIUS,NPC_AURAS,NPC_MONEY,NPC_INVIS,NPC_WALK_SPEED,NPC_RUN_SPEED,NPC_CANFLY,NPC_FLY_SPEED,NPC_IMMUNE,NPC_ISTRAINING,NPC_ROOTED) VALUES ('Mob3',65321,'',3,0,0,NULL,NULL,5,10,14,200,600,NULL,1,NULL,2000,2,11,22,0,NULL,NULL,'00:10:00',10,0,0,0,0,0,0,5,0,0,10,0,6,12,0,NULL,0,0,0);
INSERT INTO CREATURE (NPC_NAME,NPC_DISPLAYID,NPC_SUBNAME,NPC_TYPE,NPC_FAMILY,NPC_RANK,NPC_KILLCREDIT1,NPC_KILLCREDIT2,NPC_MINLEVEL,NPC_MAXLEVEL,NPC_FACTION,NPC_MINHP,NPC_MAXHP,NPC_POWER,NPC_SIZE,NPC_FLAG,NPC_ATTKTIME,NPC_ATTKTYPE,NPC_MINDMG,NPC_MAXDMG,NPC_CAN_RANGE,NPC_RATTKTIME,NPC_RATTKTYPE,NPC_RESPAWN,NPC_ARMOR,NPC_RESIST1,NPC_RESIST2,NPC_RESIST3,NPC_RESIST4,NPC_RESIST5,NPC_RESIST6,NPC_REACH,NPC_BOUND_RADIUS,NPC_AURAS,NPC_MONEY,NPC_INVIS,NPC_WALK_SPEED,NPC_RUN_SPEED,NPC_CANFLY,NPC_FLY_SPEED,NPC_IMMUNE,NPC_ISTRAINING,NPC_ROOTED) VALUES ('Mob4',54986,'',4,0,0,NULL,NULL,5,10,14,200,600,NULL,1,NULL,3200,3,11,22,0,NULL,NULL,'00:10:00',10,0,0,0,0,0,0,5,0,0,10,0,6,12,0,NULL,0,0,0);
INSERT INTO CREATURE (NPC_NAME,NPC_DISPLAYID,NPC_SUBNAME,NPC_TYPE,NPC_FAMILY,NPC_RANK,NPC_KILLCREDIT1,NPC_KILLCREDIT2,NPC_MINLEVEL,NPC_MAXLEVEL,NPC_FACTION,NPC_MINHP,NPC_MAXHP,NPC_POWER,NPC_SIZE,NPC_FLAG,NPC_ATTKTIME,NPC_ATTKTYPE,NPC_MINDMG,NPC_MAXDMG,NPC_CAN_RANGE,NPC_RATTKTIME,NPC_RATTKTYPE,NPC_RESPAWN,NPC_ARMOR,NPC_RESIST1,NPC_RESIST2,NPC_RESIST3,NPC_RESIST4,NPC_RESIST5,NPC_RESIST6,NPC_REACH,NPC_BOUND_RADIUS,NPC_AURAS,NPC_MONEY,NPC_INVIS,NPC_WALK_SPEED,NPC_RUN_SPEED,NPC_CANFLY,NPC_FLY_SPEED,NPC_IMMUNE,NPC_ISTRAINING,NPC_ROOTED) VALUES ('Mob5',21325,'',5,0,0,NULL,NULL,10,15,14,600,1500,800,1,NULL,1200,4,22,50,0,NULL,NULL,'00:10:00',50,0,0,22,0,0,0,5,0,0,45,0,6,12,0,NULL,0,0,0);
INSERT INTO CREATURE (NPC_NAME,NPC_DISPLAYID,NPC_SUBNAME,NPC_TYPE,NPC_FAMILY,NPC_RANK,NPC_KILLCREDIT1,NPC_KILLCREDIT2,NPC_MINLEVEL,NPC_MAXLEVEL,NPC_FACTION,NPC_MINHP,NPC_MAXHP,NPC_POWER,NPC_SIZE,NPC_FLAG,NPC_ATTKTIME,NPC_ATTKTYPE,NPC_MINDMG,NPC_MAXDMG,NPC_CAN_RANGE,NPC_RATTKTIME,NPC_RATTKTYPE,NPC_RESPAWN,NPC_ARMOR,NPC_RESIST1,NPC_RESIST2,NPC_RESIST3,NPC_RESIST4,NPC_RESIST5,NPC_RESIST6,NPC_REACH,NPC_BOUND_RADIUS,NPC_AURAS,NPC_MONEY,NPC_INVIS,NPC_WALK_SPEED,NPC_RUN_SPEED,NPC_CANFLY,NPC_FLY_SPEED,NPC_IMMUNE,NPC_ISTRAINING,NPC_ROOTED) VALUES ('Mob6',12325,'',6,0,0,NULL,NULL,10,15,14,600,1500,NULL,1,NULL,1100,5,22,50,0,NULL,NULL,'00:10:00',50,0,22,0,0,0,0,5,0,0,45,0,6,12,0,NULL,0,0,0);
INSERT INTO CREATURE (NPC_NAME,NPC_DISPLAYID,NPC_SUBNAME,NPC_TYPE,NPC_FAMILY,NPC_RANK,NPC_KILLCREDIT1,NPC_KILLCREDIT2,NPC_MINLEVEL,NPC_MAXLEVEL,NPC_FACTION,NPC_MINHP,NPC_MAXHP,NPC_POWER,NPC_SIZE,NPC_FLAG,NPC_ATTKTIME,NPC_ATTKTYPE,NPC_MINDMG,NPC_MAXDMG,NPC_CAN_RANGE,NPC_RATTKTIME,NPC_RATTKTYPE,NPC_RESPAWN,NPC_ARMOR,NPC_RESIST1,NPC_RESIST2,NPC_RESIST3,NPC_RESIST4,NPC_RESIST5,NPC_RESIST6,NPC_REACH,NPC_BOUND_RADIUS,NPC_AURAS,NPC_MONEY,NPC_INVIS,NPC_WALK_SPEED,NPC_RUN_SPEED,NPC_CANFLY,NPC_FLY_SPEED,NPC_IMMUNE,NPC_ISTRAINING,NPC_ROOTED) VALUES ('Mob7',21124,'',7,0,0,NULL,NULL,15,20,14,1500,2000,NULL,1,NULL,1500,2,50,150,0,NULL,NULL,'00:05:00',100,0,0,0,0,0,0,5,0,0,150,0,6,12,0,NULL,0,0,0);
INSERT INTO CREATURE (NPC_NAME,NPC_DISPLAYID,NPC_SUBNAME,NPC_TYPE,NPC_FAMILY,NPC_RANK,NPC_KILLCREDIT1,NPC_KILLCREDIT2,NPC_MINLEVEL,NPC_MAXLEVEL,NPC_FACTION,NPC_MINHP,NPC_MAXHP,NPC_POWER,NPC_SIZE,NPC_FLAG,NPC_ATTKTIME,NPC_ATTKTYPE,NPC_MINDMG,NPC_MAXDMG,NPC_CAN_RANGE,NPC_RATTKTIME,NPC_RATTKTYPE,NPC_RESPAWN,NPC_ARMOR,NPC_RESIST1,NPC_RESIST2,NPC_RESIST3,NPC_RESIST4,NPC_RESIST5,NPC_RESIST6,NPC_REACH,NPC_BOUND_RADIUS,NPC_AURAS,NPC_MONEY,NPC_INVIS,NPC_WALK_SPEED,NPC_RUN_SPEED,NPC_CANFLY,NPC_FLY_SPEED,NPC_IMMUNE,NPC_ISTRAINING,NPC_ROOTED) VALUES ('Mob8',12546,'',8,0,0,NULL,NULL,15,20,14,1500,2000,NULL,1,NULL,1200,3,50,150,0,NULL,NULL,'00:05:00',100,0,0,0,0,50,0,5,0,0,150,0,6,12,0,NULL,0,0,0);
INSERT INTO CREATURE (NPC_NAME,NPC_DISPLAYID,NPC_SUBNAME,NPC_TYPE,NPC_FAMILY,NPC_RANK,NPC_KILLCREDIT1,NPC_KILLCREDIT2,NPC_MINLEVEL,NPC_MAXLEVEL,NPC_FACTION,NPC_MINHP,NPC_MAXHP,NPC_POWER,NPC_SIZE,NPC_FLAG,NPC_ATTKTIME,NPC_ATTKTYPE,NPC_MINDMG,NPC_MAXDMG,NPC_CAN_RANGE,NPC_RATTKTIME,NPC_RATTKTYPE,NPC_RESPAWN,NPC_ARMOR,NPC_RESIST1,NPC_RESIST2,NPC_RESIST3,NPC_RESIST4,NPC_RESIST5,NPC_RESIST6,NPC_REACH,NPC_BOUND_RADIUS,NPC_AURAS,NPC_MONEY,NPC_INVIS,NPC_WALK_SPEED,NPC_RUN_SPEED,NPC_CANFLY,NPC_FLY_SPEED,NPC_IMMUNE,NPC_ISTRAINING,NPC_ROOTED) VALUES ('Mob9',32154,'',9,0,0,NULL,NULL,20,25,14,2000,3000,NULL,1,NULL,2100,4,150,300,0,NULL,NULL,'00:05:00',200,0,0,0,0,0,0,5,0,0,300,0,6,12,0,NULL,0,0,0);
INSERT INTO CREATURE (NPC_NAME,NPC_DISPLAYID,NPC_SUBNAME,NPC_TYPE,NPC_FAMILY,NPC_RANK,NPC_KILLCREDIT1,NPC_KILLCREDIT2,NPC_MINLEVEL,NPC_MAXLEVEL,NPC_FACTION,NPC_MINHP,NPC_MAXHP,NPC_POWER,NPC_SIZE,NPC_FLAG,NPC_ATTKTIME,NPC_ATTKTYPE,NPC_MINDMG,NPC_MAXDMG,NPC_CAN_RANGE,NPC_RATTKTIME,NPC_RATTKTYPE,NPC_RESPAWN,NPC_ARMOR,NPC_RESIST1,NPC_RESIST2,NPC_RESIST3,NPC_RESIST4,NPC_RESIST5,NPC_RESIST6,NPC_REACH,NPC_BOUND_RADIUS,NPC_AURAS,NPC_MONEY,NPC_INVIS,NPC_WALK_SPEED,NPC_RUN_SPEED,NPC_CANFLY,NPC_FLY_SPEED,NPC_IMMUNE,NPC_ISTRAINING,NPC_ROOTED) VALUES ('Gas Cloud',65542,'',13,0,0,NULL,NULL,1,1,14,1,1,NULL,1,NULL,4000,0,1,1,0,NULL,NULL,'00:30:00',0,0,0,0,0,0,0,5,0,54125,0,0,6,12,1,4,262143,0,0);


-- ACCOUNT INSERTS
DBCC CHECKIDENT (ACCOUNT,RESEED,1)
INSERT INTO ACCOUNT VALUES ('account1','2012-12-11 23:10:20','Area-52','AZ',0,'','123.142.15.125',64,'enUS',2);
INSERT INTO ACCOUNT VALUES ('account2','2012-12-11 23:10:20','Emerald Dream','0',0,'','125.254.25.12',64,'enUS',2);
INSERT INTO ACCOUNT VALUES ('account3','2012-12-11 23:10:20','Emerald Dream','0',0,'','184.254.12.15',64,'enGB',3);
INSERT INTO ACCOUNT VALUES ('account4','2012-12-11 23:10:20','Korialstrasz','0',0,'','227.79.212.22',64,'enUS',4);
INSERT INTO ACCOUNT VALUES ('account5','2012-12-11 23:10:20','Area-52','0',0,'','79.227.12.154',64,'deDEN',5);
INSERT INTO ACCOUNT VALUES ('account6','2012-12-11 23:10:20','Booty Bay','0',0,'','77.45.23.124',64,'deDEN',6);
INSERT INTO ACCOUNT VALUES ('account7','2012-12-11 23:10:20','Netherstorm','0',0,'','66.25.122.232',64,'enUS',7);
INSERT INTO ACCOUNT VALUES ('account8','2012-12-11 23:10:20','Booty Bay','0',0,'','89.264.212.23',64,'enGB',8);
INSERT INTO ACCOUNT VALUES ('account9','2012-12-11 23:10:20','Emerald Dream','0',0,'','212.25.154.15',64,'enGB',9);
INSERT INTO ACCOUNT VALUES ('account10','2012-12-11 23:10:20','Elwynn','0',0,'','154.123.245.154',64,'enUS',10);
INSERT INTO ACCOUNT VALUES ('account1-1','2012-12-11 23:10:20','Westfall','0',0,'','35.25.124.155',64,'enUS',2);
INSERT INTO ACCOUNT VALUES ('account1-2','2012-12-11 23:10:20','Winterfell','0',0,'','108.144.152.11',64,'RUS',2);
INSERT INTO ACCOUNT VALUES ('account2-1','2012-12-11 23:10:20','Solitude','0',0,'','144.155.124.25',64,'RUS',2);
INSERT INTO ACCOUNT VALUES ('account3-1','2012-12-11 23:10:20','Maelstorm','0',0,'','152.134.2.12',64,'RUS',3);


-- CHARACTERS INSERTS
DBCC CHECKIDENT (CHARACTERS,RESEED,1)
INSERT INTO CHARACTERS VALUES (2,'Cartman',1,1,0,1,90,0,0,3564,0,435343,100,0,3124.1234,3215.5421,8965.3265,100,2,0,'','2012-12-11 23:10:20',1,0,0,0,'5151:51:32',0,1,'2012-12-11 23:10:20',0,100,4000,0,0,54,545,8745,541,54,51245,0,6,0);
INSERT INTO CHARACTERS VALUES (2,'Kenny',1,2,0,1,90,0,0,34565,0,354432,20000,0,5412.3256,8754.3256,9162.8491,180,2,0,'','2012-12-11 23:10:20',1,0,0,0,'8754:54:54',0,1,'2012-12-11 23:10:20',0,725,4000,0,0,21,54,89754,54,468,84548,0,6,0);
INSERT INTO CHARACTERS VALUES (2,'Kevin',1,3,0,1,45,454353,0,76893,0,4356,100,0,7964.3146,4631.3164,9731.0215,15,2,0,'','2012-12-11 23:10:20',1,0,1,54541254,'874:45:23',0,0,'2012-12-11 23:10:20',0,0,12,0,0,54,56,976,43,561,54784,0,3,1);
INSERT INTO CHARACTERS VALUES (2,'Eric',1,4,0,1,90,0,0,7869435,0,456324,100,0,5195.6248,8462.1595,3195.4875,10,2,0,'','2012-12-11 23:10:20',1,1,0,0,'5654:54:12',0,1,'2012-12-11 23:10:20',0,3545,3574,0,0,42,548,7965,3454,8455,84575,0,6,0);
INSERT INTO CHARACTERS VALUES (3,'Stan',1,5,0,1,90,0,0,4576435,0,234456,300000,0,4631.6284,8462.2486,5159.5357,2,3,0,'','2012-12-11 23:10:20',0,1,0,0,'8754:21:46',0,0,'2012-12-11 23:10:20',0,2154,4000,0,0,54,124,542,845,5484,548757,0,6,0);
INSERT INTO CHARACTERS VALUES (4,'Shelia',1,6,1,1,3,400,0,4213879,0,123,100,0,5735.3557,5795.5135,5118.2917,90,3,0,'','2012-12-11 23:10:20',0,1,1,12121,'00:05:02',0,0,'2012-12-11 23:10:20',0,0,12,0,0,0,0,0,12,0,0,0,0,1);
INSERT INTO CHARACTERS VALUES (5,'Chef',1,7,0,1,90,0,0,67895476,0,456453,250000,0,5362.6253,4251.1524,5784.8457,-70,3,0,'','2012-12-11 23:10:20',1,0,0,0,'5412:43:51',0,0,'2012-12-11 23:10:20',0,1245,542,0,0,54,542,4785,548,5485,87465,0,6,0);
INSERT INTO CHARACTERS VALUES (6,'Ike',1,8,0,1,90,0,0,5674342565,0,324532,300000,0,8659.9568,8486.6242,5153.5795,-24,2,0,'','2012-12-11 23:10:20',1,1,0,0,'5421:31:54',0,0,'2012-12-11 23:10:20',0,2454,750,0,0,2,5,48,5412,8545,84751,0,6,0);
INSERT INTO CHARACTERS VALUES (7,'Thumper',1,9,0,1,90,0,0,45764567,0,431345,300000,0,1245.1562,5162.4859,6875.5324,175,3,0,'','2012-12-11 23:10:20',1,0,0,0,'9746:31:45',0,0,'2012-12-11 23:10:20',0,750,875,0,0,1,12,548,8485,4545,45554,0,6,0);
INSERT INTO CHARACTERS VALUES (8,'Garrison',1,1,0,1,90,0,0,87907865,0,435345,100,0,6149.4367,8129.8327,6134.4394,154,4,0,'','2012-12-11 23:10:20',1,0,0,0,'9746:31:46',0,0,'2012-12-11 23:10:20',0,1254,1245,0,0,12,12,485,8482,1321,56454,0,6,0);
INSERT INTO CHARACTERS VALUES (9,'Clyde',1,2,0,1,90,0,0,2346789453,0,352434,280000,0,5748.6254,5151.1242,5465.5654,-90,2,0,'','2012-12-11 23:10:20',1,0,0,0,'8462:54:43',0,1,'2012-12-11 23:10:20',0,3545,1849,0,0,54,76,845,9854,8744,84955,0,6,0);
INSERT INTO CHARACTERS VALUES (10,'Stuart',1,3,0,1,90,0,0,7856943567,0,345354,120,0,8459.3564,6254.5379,7954.3291,154,2,0,'','2012-12-11 23:10:20',0,1,0,0,'443:15:45',0,1,'2012-12-11 23:10:20',0,4000,475,0,0,89,54,848,8151,4654,56421,0,6,0);
INSERT INTO CHARACTERS VALUES (8,'Butters',1,4,0,1,90,0,0,647357435,0,243432,100,0,4895.5349,4631.3265,3256.9764,110,2,0,'','2012-12-11 23:10:20',1,0,0,0,'4367:48:46',0,1,'2012-12-11 23:10:20',0,458,3545,0,0,12,54,215,8754,9746,312536,0,6,0);
INSERT INTO CHARACTERS VALUES (9,'Pip',1,5,0,1,56,456444,0,435634,0,7643,300000,0,5498.2354,1265.8765,5498.3254,94,3,0,'','2012-12-11 23:10:20',0,1,1,500000,'402:54:12',0,1,'2012-12-11 23:10:20',0,0,35,0,0,12,45,87,845,84,12,0,3,1);
INSERT INTO CHARACTERS VALUES (4,'Stan',1,6,0,1,90,0,0,43563453,0,435435,100,0,7946.4631,7946.9764,4697.4697,75,7,0,'','2012-12-11 23:10:20',1,1,0,0,'4012:51:32',0,0,'2012-12-11 23:10:20',0,584,458,0,0,234,12,545,4631,4613,469874,0,6,0);
INSERT INTO CHARACTERS VALUES (4,'Craig',1,7,0,1,90,0,0,786905647,0,423432,250000,0,8495.9764,9746.1364,5421.5191,-78,2,0,'','2012-12-11 23:10:20',1,0,0,0,'4654:48:34',0,0,'2012-12-11 23:10:20',0,0,895,0,0,56,64,8754,2154,3123,95546,0,6,0);
INSERT INTO CHARACTERS VALUES (3,'Timmy',1,8,0,1,90,0,0,786973645,0,432523,300000,0,1024.5408,2051.2045,6505.5450,-84,2,0,'','2012-12-11 23:10:20',1,1,0,0,'7964:26:42',0,1,'2012-12-11 23:10:20',0,1254,2524,0,0,21,54,548,5454,5456,54874,0,6,0);
INSERT INTO CHARACTERS VALUES (3,'Tweek',1,9,0,1,90,0,0,475657689,0,324434,30000,0,8015.3456,1205.3151,7854.9865,-46,5,0,'','2012-12-11 23:10:20',0,1,0,0,'4654:54:21',0,0,'2012-12-11 23:10:20',0,3254,2622,0,0,1,31,4588,564,546,54454,0,6,0);
INSERT INTO CHARACTERS VALUES (3,'Jimmy',1,1,0,1,90,0,0,325465678,0,121332,100,0,5412.3256,87548.6589,8754.5412,46,2,0,'','2012-12-11 23:10:20',1,1,0,0,'9145:46:21',0,1,'2012-12-11 23:10:20',0,435,2845,0,0,125,12,548,564,5487,56485,0,6,0);
INSERT INTO CHARACTERS VALUES (2,'Randy',1,2,0,1,90,0,0,987654356,0,345323,20000,0,5421.9856,8754.9865,3256.1254,54,3,0,'','2012-12-11 23:10:20',1,0,0,0,'4962:42:51',0,0,'2012-12-11 23:10:20',0,845,1548,0,0,100,1215,5024,5442,5487,54654,0,6,0);

-- CHAR_ITEMS INSERTS
DBCC CHECKIDENT (CHAR_ITEMS,RESEED,1)
INSERT INTO CHAR_ITEMS VALUES (2,2,NULL,NULL,0,NULL,1,0,100,0,NULL,0,0);
INSERT INTO CHAR_ITEMS VALUES (2,2,NULL,NULL,1,NULL,1,0,100,0,NULL,0,0);
INSERT INTO CHAR_ITEMS VALUES (2,3,NULL,NULL,0,NULL,1,0,100,0,NULL,0,0);
INSERT INTO CHAR_ITEMS VALUES (2,4,NULL,NULL,1,NULL,1,0,100,0,NULL,0,0);
INSERT INTO CHAR_ITEMS VALUES (3,5,NULL,NULL,0,NULL,1,0,100,0,NULL,0,0);
INSERT INTO CHAR_ITEMS VALUES (2,6,NULL,NULL,1,NULL,1,0,100,0,NULL,0,0);
INSERT INTO CHAR_ITEMS VALUES (4,7,NULL,NULL,1,18,1,0,100,0,NULL,0,0);
INSERT INTO CHAR_ITEMS VALUES (5,8,NULL,NULL,1,NULL,2,0,100,0,NULL,0,0);
INSERT INTO CHAR_ITEMS VALUES (6,9,NULL,NULL,1,NULL,3,0,100,0,NULL,0,0);
INSERT INTO CHAR_ITEMS VALUES (5,10,NULL,NULL,1,NULL,1,0,100,0,NULL,0,0);
INSERT INTO CHAR_ITEMS VALUES (8,11,NULL,NULL,0,NULL,20,0,100,0,NULL,0,0);
INSERT INTO CHAR_ITEMS VALUES (9,12,NULL,NULL,0,NULL,12,0,100,0,NULL,0,0);
INSERT INTO CHAR_ITEMS VALUES (17,13,NULL,NULL,0,NULL,1,0,100,0,NULL,0,0);
INSERT INTO CHAR_ITEMS VALUES (14,14,NULL,NULL,0,15,1,0,100,0,NULL,0,0);
INSERT INTO CHAR_ITEMS VALUES (19,15,NULL,NULL,0,NULL,1,0,100,0,NULL,0,0);
INSERT INTO CHAR_ITEMS VALUES (12,14,NULL,NULL,0,2,1,0,100,0,NULL,0,0);
INSERT INTO CHAR_ITEMS VALUES (13,13,NULL,NULL,1,NULL,1,0,100,0,NULL,0,0);
INSERT INTO CHAR_ITEMS VALUES (14,12,NULL,NULL,0,2,1,0,100,0,NULL,0,0);
INSERT INTO CHAR_ITEMS VALUES (7,16,NULL,NULL,1,NULL,12,0,100,0,NULL,0,0);
INSERT INTO CHAR_ITEMS VALUES (10,2,NULL,NULL,0,NULL,1,0,100,0,NULL,0,0);
INSERT INTO CHAR_ITEMS VALUES (11,5,NULL,NULL,1,2,23,0,100,0,NULL,0,0);
INSERT INTO CHAR_ITEMS VALUES (15,6,NULL,NULL,1,NULL,1,0,100,0,NULL,0,0);
INSERT INTO CHAR_ITEMS VALUES (16,3,NULL,NULL,1,NULL,20,0,100,0,NULL,0,0);
INSERT INTO CHAR_ITEMS VALUES (18,6,NULL,NULL,1,NULL,100,0,100,0,NULL,0,0);

-- CREATURE_SPAWN INSERTS
DBCC CHECKIDENT (CREATURE_SPAWNS,RESEED,1)
INSERT INTO CREATURE_SPAWNS VALUES (2,2,5456.1254,5412.1254,8965.2365,90,1,59684,14,0,1,0,NULL,NULL,NULL,NULL);
INSERT INTO CREATURE_SPAWNS VALUES (2,2,4631.3164,9764.3164,5489.3254,180,1,31976,14,0,1,0,NULL,NULL,NULL,NULL);
INSERT INTO CREATURE_SPAWNS VALUES (3,2,5498.2156,2165.5498,3254.6587,27,1,98324,14,0,1,0,NULL,NULL,NULL,NULL);
INSERT INTO CREATURE_SPAWNS VALUES (4,2,3256.2154,7964.3146,9162.2684,-90,1,54658,14,0,1,0,NULL,NULL,NULL,NULL);
INSERT INTO CREATURE_SPAWNS VALUES (5,2,1559.2615,1232.4631,5412.3256,-55,1,56547,14,0,1,0,NULL,NULL,NULL,NULL);
INSERT INTO CREATURE_SPAWNS VALUES (6,2,9191.7392,5126.6245,4961.4376,45,1,81624,14,0,1,0,NULL,NULL,NULL,NULL);
INSERT INTO CREATURE_SPAWNS VALUES (7,3,5122.1254,1512.2222,5121.5421,174,1,91812,14,0,1,0,NULL,NULL,NULL,NULL);
INSERT INTO CREATURE_SPAWNS VALUES (8,2,1254.2365,1254.2145,8754.5148,110,1,12548,14,0,1,0,NULL,NULL,NULL,NULL);
INSERT INTO CREATURE_SPAWNS VALUES (9,2,8457.1524,2415.6235,3562.9568,113,1,15487,14,0,1,0,NULL,NULL,NULL,NULL);
INSERT INTO CREATURE_SPAWNS VALUES (2,3,8695.8457,4631.4697,8497.4364,-154,2,91845,14,0,1,0,NULL,NULL,NULL,NULL);
INSERT INTO CREATURE_SPAWNS VALUES (2,2,4631.5124,7694.1643,8192.8372,-145,2,13648,14,0,1,0,NULL,NULL,NULL,NULL);
INSERT INTO CREATURE_SPAWNS VALUES (3,2,6743.4367,8192.1892,4621.3264,154,2,54874,14,0,1,0,NULL,NULL,NULL,NULL);
INSERT INTO CREATURE_SPAWNS VALUES (4,2,5489.2354,5456.3265,5432.1244,162,2,45875,14,0,1,0,NULL,NULL,NULL,NULL);
INSERT INTO CREATURE_SPAWNS VALUES (5,2,4859.1251,5412.3256,5748.2154,134,2,12354,14,0,1,0,NULL,NULL,NULL,NULL);
INSERT INTO CREATURE_SPAWNS VALUES (6,2,5162.5324,5162.3524,5124.1524,-134,2,65431,14,0,1,0,NULL,NULL,NULL,NULL);
INSERT INTO CREATURE_SPAWNS VALUES (7,2,1245.2356,1526.0648,4859.1245,124,2,46897,14,0,1,0,NULL,NULL,NULL,NULL);
INSERT INTO CREATURE_SPAWNS VALUES (8,2,4895.6254,4512.2365,4598.2356,65,1,84654,14,0,1,0,NULL,NULL,NULL,NULL);
INSERT INTO CREATURE_SPAWNS VALUES (9,3,7845.2365,5487.5162,4895.2151,64,1,54654,14,0,1,0,NULL,NULL,NULL,NULL);
INSERT INTO CREATURE_SPAWNS VALUES (2,3,1526.2651,5124.2365,1562.2154,54,1,45664,14,0,1,0,NULL,NULL,NULL,NULL);
INSERT INTO CREATURE_SPAWNS VALUES (2,3,4895.1254,2442.3568,5124.1585,84,1,54645,14,0,1,0,NULL,NULL,NULL,NULL);



-- GAMEOBJECT_SPAWNS INSERTS
DBCC CHECKIDENT (GAMEOBJECT_SPAWNS,RESEED,1)
INSERT INTO GAMEOBJECT_SPAWNS VALUES (2,5432.1254,2154.3256,5412.2356,2,100,3,0,-1,1);
INSERT INTO GAMEOBJECT_SPAWNS VALUES (2,5421.1254,8754.1254,8965.3256,2,90,2,0,-1,1);
INSERT INTO GAMEOBJECT_SPAWNS VALUES (3,9162.6249,5412.0215,8754.3146,2,-27,1,0,-1,1);
INSERT INTO GAMEOBJECT_SPAWNS VALUES (4,1346.9746,9746.3146,5252.8585,2,27,2,0,-1,1);
INSERT INTO GAMEOBJECT_SPAWNS VALUES (5,8192.9218,8164.7381,8137.4992,2,84,1,0,-1,1);
INSERT INTO GAMEOBJECT_SPAWNS VALUES (6,5421.5698,9162.2649,8492.1584,2,112,0,0,-1,1);
INSERT INTO GAMEOBJECT_SPAWNS VALUES (7,7946.4587,9754.4697,8764.4698,2,-134,0,0,-1,1);
INSERT INTO GAMEOBJECT_SPAWNS VALUES (8,5421.7964,3146.5263,5487.1364,3,154,0,0,-1,1);
INSERT INTO GAMEOBJECT_SPAWNS VALUES (9,4895.6251,8459.6259,5412.2356,3,74,0,0,-1,1);
INSERT INTO GAMEOBJECT_SPAWNS VALUES (2,9094.3146,5421.3256,8459.6251,4,52,0,0,-1,1);
INSERT INTO GAMEOBJECT_SPAWNS VALUES (2,8495.6284,4857.2635,5124.6859,4,42,0,0,-1,1);
INSERT INTO GAMEOBJECT_SPAWNS VALUES (3,5362.5968,8659.5748,5124.2411,4,-45,0,0,-1,1);
INSERT INTO GAMEOBJECT_SPAWNS VALUES (4,1245.2356,9746.8550,5421.3265,3,-65,0,0,-1,1);
INSERT INTO GAMEOBJECT_SPAWNS VALUES (5,2145.1524,1245.3265,8754.1325,2,-11,0,0,-1,1);
INSERT INTO GAMEOBJECT_SPAWNS VALUES (6,8754.0365,4866.5431,5431.1534,3,38,0,0,-1,1);
INSERT INTO GAMEOBJECT_SPAWNS VALUES (7,8654.8546,8461.6845,8564.6548,2,44,0,0,-1,1);
INSERT INTO GAMEOBJECT_SPAWNS VALUES (8,4856.6485,684.6844,4685.5631,3,94,0,0,-1,1);
INSERT INTO GAMEOBJECT_SPAWNS VALUES (9,3154.5631,153.1356,5461.4618,2,54,0,0,-1,1);
INSERT INTO GAMEOBJECT_SPAWNS VALUES (2,3795.4356,4356.7586,6924.2456,4,67,0,0,-1,1);
INSERT INTO GAMEOBJECT_SPAWNS VALUES (2,3245.7654,3456.8746,2457.4786,3,84,0,0,-1,1);

-- QUEST_GAMEOBJECT_FINISH INSERTS

INSERT INTO QUEST_GAMEOBJECT_FINISH VALUES (2,2);
INSERT INTO QUEST_GAMEOBJECT_FINISH VALUES (3,3);
INSERT INTO QUEST_GAMEOBJECT_FINISH VALUES (4,4);
INSERT INTO QUEST_GAMEOBJECT_FINISH VALUES (5,5);
INSERT INTO QUEST_GAMEOBJECT_FINISH VALUES (6,6);


-- QUEST_GAMEOBJECT_START INSERTS

INSERT INTO QUEST_GAMEOBJECT_START VALUES (2,2);
INSERT INTO QUEST_GAMEOBJECT_START VALUES (3,3);
INSERT INTO QUEST_GAMEOBJECT_START VALUES (4,4);
INSERT INTO QUEST_GAMEOBJECT_START VALUES (5,5);
INSERT INTO QUEST_GAMEOBJECT_START VALUES (6,6);

-- QUEST_CREATURE_START INSERTS

INSERT INTO QUEST_CREATURE_START VALUES (7,2);
INSERT INTO QUEST_CREATURE_START VALUES (8,4);
INSERT INTO QUEST_CREATURE_START VALUES (9,6);
INSERT INTO QUEST_CREATURE_START VALUES (10,8);
INSERT INTO QUEST_CREATURE_START VALUES (11,10);

-- QUEST_CREATURE_FINISH INSERTS

INSERT INTO QUEST_CREATURE_FINISH VALUES (7,4);
INSERT INTO QUEST_CREATURE_FINISH VALUES (8,5);
INSERT INTO QUEST_CREATURE_FINISH VALUES (9,6);
INSERT INTO QUEST_CREATURE_FINISH VALUES (10,8);
INSERT INTO QUEST_CREATURE_FINISH VALUES (11,10);

-- CHARACTERS_QUEST INSERTS

INSERT INTO CHARACTERS_QUEST VALUES (2,2);
INSERT INTO CHARACTERS_QUEST VALUES (3,2);
INSERT INTO CHARACTERS_QUEST VALUES (2,3);
INSERT INTO CHARACTERS_QUEST VALUES (4,3);
INSERT INTO CHARACTERS_QUEST VALUES (5,4);
INSERT INTO CHARACTERS_QUEST VALUES (6,6);

-- EQUIP_ITEMS INSERTS
-- 1-5 WEAPON
-- 6-10 ARMOR

INSERT INTO EQUIP_ITEMS VALUES (2,3,344,4,433,5,0,0,0,0,0,0,0,0,0,0,0,0,0,0,0,0,0,0,0,0,0,NULL,100,2,NULL,NULL,65487,NULL,NULL,9);
INSERT INTO EQUIP_ITEMS VALUES (3,4,176,5,433,6,343,0,0,0,0,0,0,0,0,0,0,0,0,0,0,0,0,0,0,0,0,NULL,100,4,3,NULL,87548,NULL,NULL,7);
INSERT INTO EQUIP_ITEMS VALUES (4,5,65,6,12,7,0,0,0,0,0,0,0,0,0,0,0,0,0,0,0,0,0,0,0,0,0,NULL,100,2,2,NULL,46312,NULL,NULL,7);
INSERT INTO EQUIP_ITEMS VALUES (5,6,2,7,45,3,43,0,0,0,0,0,0,0,0,0,0,0,0,0,0,0,0,0,0,0,0,NULL,100,2,2,3,51245,NULL,NULL,9);
INSERT INTO EQUIP_ITEMS VALUES (6,7,5,3,76,4,76,0,0,0,0,0,0,0,0,0,0,0,0,0,0,0,0,0,0,0,0,NULL,100,2,3,4,84955,NULL,NULL,4);
INSERT INTO EQUIP_ITEMS VALUES (7,3,12,4,8,5,4,0,0,0,0,0,0,0,0,0,0,0,0,0,0,0,0,0,0,0,0,NULL,100,1,8,NULL,54684,NULL,NULL,26);
INSERT INTO EQUIP_ITEMS VALUES (8,4,23,5,23,6,56,0,0,0,0,0,0,0,0,0,0,0,0,0,0,0,0,0,0,0,0,NULL,100,NULL,NULL,NULL,NULL,1,100,25);
INSERT INTO EQUIP_ITEMS VALUES (9,5,56,6,42,7,56,0,0,0,0,0,0,0,0,0,0,0,0,0,0,0,0,0,0,0,0,NULL,100,NULL,NULL,NULL,NULL,1,225,25);
INSERT INTO EQUIP_ITEMS VALUES (10,6,32,7,32,3,29,0,0,0,0,0,0,0,0,0,0,0,0,0,0,0,0,0,0,0,0,NULL,100,NULL,NULL,NULL,NULL,1,300,25);
INSERT INTO EQUIP_ITEMS VALUES (11,7,23,3,98,4,53,0,0,0,0,0,0,0,0,0,0,0,0,0,0,0,0,0,0,0,0,NULL,100,NULL,NULL,NULL,NULL,NULL,NULL,25);


-- WEAPON INSERTS

INSERT INTO WEAPON VALUES (2,100,200,0,0,0,0,2100,0,0,5,2);
INSERT INTO WEAPON VALUES (3,100,200,0,0,0,0,1400,0,0,5,3);
INSERT INTO WEAPON VALUES (4,150,250,1,0,0,0,2200,0,0,5,2);
INSERT INTO WEAPON VALUES (5,250,350,2,0,0,0,2100,0,0,5,1);
INSERT INTO WEAPON VALUES (6,450,550,3,0,0,0,2300,0,0,5,2);

-- ARMOR INSERTS

INSERT INTO ARMOR VALUES (7,1000,200);
INSERT INTO ARMOR VALUES (8,1201,214);
INSERT INTO ARMOR VALUES (9,124,35);
INSERT INTO ARMOR VALUES (10,654,12);
INSERT INTO ARMOR VALUES (11,1245,456);

-- GAMEOBJECT_SOUND INSERTS

INSERT INTO GAMEOBJECT_SOUND VALUES (2,1,2,3,0,0,0,0,0,0);
INSERT INTO GAMEOBJECT_SOUND VALUES (3,4,5,6,0,0,0,0,0,0);
INSERT INTO GAMEOBJECT_SOUND VALUES (4,5,6,7,0,0,0,0,0,0);
INSERT INTO GAMEOBJECT_SOUND VALUES (5,5,7,8,0,0,0,0,0,0);
INSERT INTO GAMEOBJECT_SOUND VALUES (6,9,0,0,0,0,0,0,0,0);

-- GAMEOBJECT_QUEST INSERTS


INSERT INTO GAMEOBJECT_QUEST VALUES (2,17,18,NULL,NULL,NULL,NULL);
INSERT INTO GAMEOBJECT_QUEST VALUES (4,18,NULL,NULL,NULL,NULL,NULL);
INSERT INTO GAMEOBJECT_QUEST VALUES (6,17,NULL,NULL,NULL,NULL,NULL);
INSERT INTO GAMEOBJECT_QUEST VALUES (8,18,17,NULL,NULL,NULL,NULL);
INSERT INTO GAMEOBJECT_QUEST VALUES (10,18,NULL,NULL,NULL,NULL,NULL);

-- QUEST_GATHER INSERTS

INSERT INTO QUEST_GATHER VALUES (12,17,20,16,10,NULL,0,NULL,0,NULL,0,NULL,0);
INSERT INTO QUEST_GATHER VALUES (13,16,5,NULL,0,NULL,0,NULL,0,NULL,0,NULL,0);
INSERT INTO QUEST_GATHER VALUES (14,17,10,16,5,NULL,0,NULL,0,NULL,0,NULL,0);
INSERT INTO QUEST_GATHER VALUES (5,16,10,NULL,0,NULL,0,NULL,0,NULL,0,NULL,0);
INSERT INTO QUEST_GATHER VALUES (6,17,15,NULL,0,NULL,0,NULL,0,NULL,0,NULL,0);

-- QUEST_KILL INSERTS

INSERT INTO QUEST_KILL VALUES (5,2,10,3,10,3,10,NULL,0,NULL,0,NULL,0);
INSERT INTO QUEST_KILL VALUES (6,3,10,4,10,2,10,NULL,0,NULL,0,NULL,0);
INSERT INTO QUEST_KILL VALUES (7,2,5,4,5,NULL,0,NULL,0,NULL,0,NULL,0);
INSERT INTO QUEST_KILL VALUES (8,3,10,2,10,NULL,0,NULL,0,NULL,0,NULL,0);
INSERT INTO QUEST_KILL VALUES (9,4,20,2,15,NULL,0,NULL,0,NULL,0,NULL,0);

-- QUEST_REWARD INSERTS

INSERT INTO QUEST_REWARD VALUES (2,2,1,NULL,0,NULL,0,NULL,0,NULL,0,NULL,0,NULL,0,NULL,0,NULL,0,NULL,0,NULL,0,NULL,0,0,0,0,0);
INSERT INTO QUEST_REWARD VALUES (3,3,1,NULL,0,NULL,0,NULL,0,NULL,0,NULL,0,NULL,0,NULL,0,NULL,0,NULL,0,NULL,0,NULL,0,0,0,0,0);
INSERT INTO QUEST_REWARD VALUES (4,4,1,5,5,3,2,NULL,0,NULL,0,NULL,0,NULL,0,NULL,0,NULL,0,NULL,0,NULL,0,NULL,0,0,0,0,0);
INSERT INTO QUEST_REWARD VALUES (5,5,1,NULL,0,NULL,0,NULL,0,NULL,0,NULL,0,NULL,0,NULL,0,NULL,0,NULL,0,NULL,0,NULL,0,520000,52000,0,0);
INSERT INTO QUEST_REWARD VALUES (6,6,1,NULL,0,NULL,0,NULL,0,NULL,0,NULL,0,NULL,0,NULL,0,NULL,0,NULL,0,NULL,0,NULL,0,1000000,224000,0,0);
INSERT INTO QUEST_REWARD VALUES (7,7,1,NULL,0,NULL,0,NULL,0,NULL,0,NULL,0,NULL,0,NULL,0,NULL,0,NULL,0,NULL,0,NULL,0,0,0,0,0);
INSERT INTO QUEST_REWARD VALUES (8,8,1,NULL,0,NULL,0,NULL,0,NULL,0,NULL,0,NULL,0,NULL,0,NULL,0,NULL,0,NULL,0,NULL,0,220000,252412,0,0);
INSERT INTO QUEST_REWARD VALUES (9,9,1,NULL,0,NULL,0,NULL,0,NULL,0,NULL,0,18,2,17,2,NULL,0,NULL,0,NULL,0,NULL,0,5000,500,0,0);
INSERT INTO QUEST_REWARD VALUES (10,10,1,NULL,0,NULL,0,NULL,0,NULL,0,NULL,0,NULL,0,NULL,0,NULL,0,NULL,0,NULL,0,NULL,0,5000000,500000,0,0);
INSERT INTO QUEST_REWARD VALUES (11,11,1,18,2,NULL,0,NULL,0,NULL,0,NULL,0,NULL,0,NULL,0,NULL,0,NULL,0,NULL,0,NULL,0,220000,500,0,0);


